Siperfaqja,cmimi
92,800
113,1200
45,47500
115,450
190,2000
112,1000
140,1000
230,1800
165,900
121,600
20,399
35,250
92,800
113,1200
45,47500
115,450
190,2000
112,1000
140,1000
230,1800
165,900
121,600
20,399
35,250
92,800
113,1200
45,47500
115,450
190,2000
112,1000
140,1000
230,1800
165,900
121,600
20,399
35,250
92,800
113,1200
45,47500
115,450
190,2000
112,1000
140,1000
230,1800
165,900
121,600
20,399
35,250
92,800
113,1200
45,47500
115,450
190,2000
112,1000
140,1000
230,1800
165,900
121,600
20,399
35,250
92,800
113,1200
45,47500
115,450
190,2000
112,1000
140,1000
230,1800
165,900
121,600
20,399
35,250
92,800
113,1200
45,47500
115,450
190,2000
112,1000
140,1000
230,1800
165,900
121,600
20,399
35,250
92,800
113,1200
45,47500
115,450
190,2000
112,1000
140,1000
230,1800
165,900
121,600
20,399
35,250
92,800
113,1200
45,47500
115,450
190,2000
112,1000
140,1000
230,1800
165,900
121,600
20,399
35,250
